Page,Source,Comment,Sentiment 
1,Glassdoor,Amazing airline in the world and helping passenger,1
1,Glassdoor,Flights Accommodation Allowance + Transport Allowance,1
1,Glassdoor,Salary Accomodation travel cheap ticekts,1
1,Glassdoor,Benefits / view other countries,1
1,Glassdoor,"travelling, discounts, meeting interesting people",1
2,Glassdoor,Accommodation and transport provided - beneficial for saving.,1
2,Glassdoor,#NAME?,1
2,Glassdoor,"Travel the world, great pay, living and travel to work, laundry.",1
2,Glassdoor,"Travel the world, good salary",1
2,Glassdoor,"Great place to work, supportive managers",1
3,Glassdoor,Perks Cosmopolitan Environment Training Infrastructure,1
3,Glassdoor,"Lovely team fun environment, clear targets",1
3,Glassdoor,"- Package is very nice, you get a lot of benefits including staff travel discount (even though it's restricted by loads in an airline that's often too busy), which includes other airlines. - Lots of layovers give the chance to buy things abroad and enjoy a taste of other parts of the world. - Pro and con: Flexible working hours, the idea of being off during weekdays lets you enjoy spending your time off away from crowds. - The discount scheme across UAE is very useful. - A lot of government services are fast-tracked or done by the company. - Salary is always on time, HR portal is solid and a lot gets done very efficiently.",1
3,Glassdoor,Travel benefits with a yearly bonus and good chances of growth,1
3,Glassdoor,Good experience I will be working for ever with Emirates,1
4,Glassdoor,Great opportunity to travel the world,1
4,Glassdoor,Mostly good people to work with,1
4,Glassdoor,"best lifestyle, brand name, best facilities",1
4,Glassdoor,"Lifestyle benefits,
Job security
Reputation",1
4,Glassdoor,#NAME?,1
5,Glassdoor,"You see the whole world, stay in 5 star hotels, free accomodation, have lots of discounts",1
5,Glassdoor,Emirates groups offers lots of great opportunity,1
5,Glassdoor,flight perks and benefits worldwide,1
5,Glassdoor,#NAME?,1
5,Glassdoor,"Yearly Bonus
Flight tickets
insurance",1
6,Glassdoor,Traveling around the world Company-provided accommodation Meals at work,1
6,Glassdoor,"Work life balance.
Latest technology stack",1
6,Glassdoor,"Job Security
Bonus
Airline Benefits",1
6,Glassdoor,I loved the great layovers and allowance,1
6,Glassdoor,salary travel accomodation all top notch fun crew,1
7,Glassdoor,Huge benefit for travel for family,1
7,Glassdoor,"High salary, discounts, payed accommodation, fly around the world",1
7,Glassdoor,Airline perks for travel either yorself of family friends,1
7,Glassdoor,"Fabulous training, excellent company accomodation, health insurance, highly organised and superb travel benefits.",1
7,Glassdoor,"pay, costs covered and travel",1
8,Glassdoor,"Staff travel, get to travel, free accommodation, money is good after bonus & flight pay.",1
8,Glassdoor,"great lifestyle
great pay
discounted tickets",1
8,Glassdoor,You’ve got the chance to fly around and a lot of benefits,1
8,Glassdoor,"Reputation, Travel Benefits, Yearly Bonus",1
8,Glassdoor,Very professional company- great to start your flying career,1
9,Glassdoor,Good Salary Packages and Work Culture,1
9,Glassdoor,Good work life balance before Covid,1
9,Glassdoor,"Salary, travel benefits, networking, highly dynamic environment, you meet a lot of interesting people & unique talents.",1
9,Glassdoor,Benefits of staff travel for family and friends,1
9,Glassdoor,Package Growth and professional development opportunities Travel Benefits,1
10,Glassdoor,"Travel the world, medical insurance",1
10,Glassdoor,Salary and Dubai life with discount,1
10,Glassdoor,#NAME?,1
10,Glassdoor,The company provides you with everything you may need to success in your role.,1
10,Glassdoor,"Easy onboarding, fair payment, multicultural environment",1
11,Glassdoor,Nice job Nice people Nice place,1
11,Glassdoor,Good starting job in UAE,1
11,Glassdoor,Good travel and benefits and free accommodation,1
11,Glassdoor,"Good salary, paid accommodation, discounts, travelling",1
11,Glassdoor,“Good work environment” “Opportunities to learn and grow”,1
12,Glassdoor,The best airline to work for. It's a brand and knows very well how to meet customer's expectations add value to their investment. Genuinley takes care it's employees too.,1
12,Glassdoor,Training Exposure to international market Travel perks,1
12,Glassdoor,Good company to work for,1
12,Glassdoor,Good place to work at,1
12,Glassdoor,Good company to work with.,1
13,Glassdoor,"travel, free time, free accommodation",1
13,Glassdoor,"Everyday is different, never gets boring. Free food. A lot of other benefits with the airport.",1
13,Glassdoor,the best part about my job was being able to travel,1
13,Glassdoor,"Travel Benefits
Medical Insurance
Yearly Bonuses",1
13,Glassdoor,travel the word - money,1
14,Glassdoor,Travel Free accommodation No bills except for WiFi They set you up for success,1
14,Glassdoor,There are a lot of great benefits associated with working for the company.,1
14,Glassdoor,You get discounts on travel.,1
14,Glassdoor,Great benefits and the opportunity to travel the world.,1
14,Glassdoor,Brand Name Perks Location New Locations Memories for life,1
15,Glassdoor,Travel and a lot of benefits,1
15,Glassdoor,"Love it, good salary, bonus",1
15,Glassdoor,"Great benefits. Accommodation, discounted tickets and good salary.",1
15,Glassdoor,Workplace politics Long working hours,1
15,Glassdoor,Dubai is a good place to start and have fun,1
16,Glassdoor,International team and cultural exchange,1
16,Glassdoor,Travel the world and get paid to do it,1
16,Glassdoor,"Good working environment, and good leadership team",1
16,Glassdoor,Perks. Holidays carried over if they fall on a weekend and business class tickets anywhere Emirates and it’s partners fly.,1
16,Glassdoor,#NAME?,1
17,Glassdoor,good pay good benefits good travel perks,1
17,Glassdoor,Lot to Learn Perks Supportive Team,1
17,Glassdoor,Only pro is travel benefit,1
17,Glassdoor,"Amazing training programs , great leadership , employee benefits",1
17,Glassdoor,good slaary and good perks,1
18,Glassdoor,Tax free Salary & other perks & benefits.,1
18,Glassdoor,"Tax free, good travel benefits, good family benefits",1
18,Glassdoor,Good pay and incentives every year,1
18,Glassdoor,Travel the word for free,1
18,Glassdoor,"Benefits
Flexible working hours
Flights advantages",1
19,Glassdoor,Great people. Fast paced. Opportunity to grow in the industry. Ability to connect and network.,1
19,Glassdoor,Stability and good perks for employees,1
19,Glassdoor,"Competitive salary, amazing benefits, great.",1
19,Glassdoor,good to work nice environment,1
19,Glassdoor,Good environment to work in,1
20,Glassdoor,salary benefits network living in dubai,1
20,Glassdoor,"Easy job , get to meet lot of people",1
20,Glassdoor,Good salary Accomdation Allowance on layovers Travel the world,1
20,Glassdoor,"Staff discounts for tickets, good salary",1
20,Glassdoor,Good salary compared to other airlines Wide network for travel,1
21,Glassdoor,Meaningful work and exposure to a multi-cultural environment.,1
21,Glassdoor,Housing allowance and transportation are provided,1
21,Glassdoor,"Full package, salary, discounts, travel opportunity",1
21,Glassdoor,"Get to travel, get to save a lot of money since accomodation and transport is take cared of.",1
21,Glassdoor,Great place to work as professionals,1
22,Glassdoor,Excellent flight benefits. Competitive salary.,1
22,Glassdoor,great travel benfits all the time,1
22,Glassdoor,Paid accommodation Tax free salary Staff travel,1
22,Glassdoor,"Salary on time, bonuses, and great benefits",1
22,Glassdoor,Good salary Nice benefits Nice layovers,1
23,Glassdoor,"Free travel and expenses, medical insurance",1
23,Glassdoor,"Hardly any. May the that ""free accommodation"", but with 2 random roommates, mold, somewhere far away.",1
23,Glassdoor,"They pay for your house and bills, good discounts on tickets for you your family and your friends",1
23,Glassdoor,Almost free tickets if you can get a seat/ young & energetic co workers/ get to travel all over the world,1
23,Glassdoor,multiculture company where you meet people from all backgrounds,1
24,Glassdoor,"Travel the world, 24+ hour layovers, living accommodations, No income tax, 30 days vacation",1
24,Glassdoor,"accommodation, transportation and uniform laundry.",1
24,Glassdoor,"Travelling, free accommodation, days off",1
24,Glassdoor,Lots of benefit at work,1
24,Glassdoor,"Great people, great company, great office views",1
25,Glassdoor,Pays on time. Good pay Hard Career progress,1
25,Glassdoor,Good.employer and can work in latest tech,1
25,Glassdoor,"Fly benefits, Salary always on time, Smooth on-boarding and Training experience",1
25,Glassdoor,Travel Salary Company housing Fun!,1
25,Glassdoor,"Good work life balance
Good salary",1
26,Glassdoor,They handel Excellent customer relation,1
26,Glassdoor,They are the Biggest airlines in UAE.,1
26,Glassdoor,"This company to good,the management is to good",1
26,Glassdoor,Travelling the world and living in Dubai,1
26,Glassdoor,The company is stable financially with support from the government.,1
27,Glassdoor,Great benefits and good salary.,1
27,Glassdoor,You enjoy traveling that’s it,1
27,Glassdoor,Travel the world with good compensation package,1
27,Glassdoor,"Emirates environment is so cool, people are nice and friendly and they are very professional. As a permanent employee you have so many range of benefeits, you get to fly world wide for 90% in all Emirates and Emirates's partner flights You can get lot of discount cards. Their offices are completely perfect specially if you get a chance to work in the Headquarter",1
27,Glassdoor,"great experience, travelling the world",1
28,Glassdoor,Good work life balance in rosters,1
28,Glassdoor,Bsbsbsbsb hsbsbs dhdjdb jsjsbs jsjsjsh,1
28,Glassdoor,Great company to gain experience at if you’re just starting your cabin crew or flight attendant career,1
28,Glassdoor,"Good salary
Good benefits
Good overall",1
28,Glassdoor,Very solid benefits for employees,1
29,Glassdoor,Travel worldwide and profit sharing,1
29,Glassdoor,Most of people are friendly,1
29,Glassdoor,Competitive salary. Travel benefit. Accommodation and transportation allowance.,1
29,Glassdoor,"People, work flow is good & Emirates benefits",1
29,Glassdoor,"Travel, accomadation, benefits are good",1
30,Glassdoor,Great salary and modern equipment. Many opportunities for progression.,1
30,Glassdoor,"Fun
Travel
Team
Dubai
People",1
30,Glassdoor,"Emirates offers excellent benefits: company-provided accommodation, transportation, a competitive tax-free salary, and generous travel perks for both employees and their families. It’s a unique opportunity to see the world and work with a diverse and multicultural team. The training is world-class and the exposure to different cultures is enriching.",1
30,Glassdoor,"Flights discounts, bonuses, nice colleagues",1
30,Glassdoor,Easy job Flying for free Staying in 5 star hotels Discounted flights for friends and family Free accomodation,1
31,Glassdoor,Travelling and seeing different cultures around the world,1
31,Glassdoor,"You get a strong employer that provides accommodation, insurance, transport, etc. in Dubai, as you will live there as cabin crew for emirates. This makes it easier to move abroad as they will guide you through the whole process. After the 8 weeks training and passing all exams you start flying and see amazing destinations in your layovers.",1
31,Glassdoor,Good travel Benefit For Staff and Family,1
31,Glassdoor,Free accommodation Free transportation to work Meal allowances on layovers,1
31,Glassdoor,"Accommodation and utilities paid for, helpful setup procedures upon arrival in Dubai, training was meticulous, schedule is a lot, but you can get into a routine and get in the swing of it. It's an important job but remember to live you life.",1
32,Glassdoor,"Insurance, benefits, restaurant, good team.",1
32,Glassdoor,Stability Accommodation Benefits Multicultural Travelling,1
32,Glassdoor,"Great company to work, tax free, lots of travel and I would highly recommend!",1
32,Glassdoor,#NAME?,1
32,Glassdoor,"Destinations, bonus, great organization in all aspects",1
33,Glassdoor,"Great work, life balance. the management if very open and helpful. the work culture established is very positive. there is job security as well, the business is very stable. lastly a very competitive salary and profit sharing.",1
33,Glassdoor,"It is nice for young people who never traveled, or it is nice for those who love Dubai bling bling life. As someone from Europe and traveling experience, it was not for me... Too much pressure and at some point it felt like living in a baloon. But, I really recommend it to young people who live in 3rd world countries who want to get international experience and earn good amount meanwhile.",1
33,Glassdoor,"discount on flight tickets, membership card which provides discounts on different places. salary is on time.",1
33,Glassdoor,"Perks, travel, work culture, training",1
33,Glassdoor,Great salary and benefits. Lot to learn because diverse portfolio,1
34,Glassdoor,none none none none none,1
34,Glassdoor,"Attractive salary plus free shared accommodation, and transport, a lot of travel, and benefits.",1
34,Glassdoor,#NAME?,1
34,Glassdoor,Toxic environment in the group,1
34,Glassdoor,"Prestigious company to work for, and great perks such as event hosting and other.",1
35,Glassdoor,stress-free environment. flight ticket benefits.,1
35,Glassdoor,able to travel all over the world.,1
35,Glassdoor,Wage is good for hours.,1
35,Glassdoor,Great team and travel opportunities.,1
35,Glassdoor,good perks the company provides to its employees,1
36,Glassdoor,Saw the world and was paid to do it,1
36,Glassdoor,Great discounts on different goods and services,1
36,Glassdoor,I have sales experience in Dubai marketing 5 years,1
36,Glassdoor,Best place to work . Nice environment,1
36,Glassdoor,Staff tickets and salary safety,1
37,Glassdoor,Good benefits and salary plus bonus,1
37,Glassdoor,"Money, travel the world, and if you get married or buy a property in Dubai - house allowance.",1
37,Glassdoor,Very good employer in the UAE,1
37,Glassdoor,Tax free salary Free accommodation Travel benefits multinational work environment,1
37,Glassdoor,"Five Star , staff benefit and work timing",1
38,Glassdoor,"Get to travel the world, really great colleagues, life in Dubai pretty amazing!",1
38,Glassdoor,good destination to travel to,1
38,Glassdoor,Everything is good in the company.,1
38,Glassdoor,"Work life balance, lots of option to upskill",1
38,Glassdoor,"Good benefits, travel Opportunities, decent salary",1
39,Glassdoor,Benefits Multinational co workers Leave Maternity leave Internal vacancy,1
39,Glassdoor,"travel, salary and lifestyle benefits",1
39,Glassdoor,"Great team spirit
Salary and benefits package",1
39,Glassdoor,Fly the world and build your leadership skills,1
39,Glassdoor,Work life balance is great. Career growth opportunities. I don't have to stay after my shift ends. Great flight discounts,1
40,Glassdoor,"People centric, organization takes care of employees",1
40,Glassdoor,"Travel all the time, free 5 star hotels",1
40,Glassdoor,#NAME?,1
40,Glassdoor,"Travel
Pay
Lifestyle
Friends
No other job like it",1
40,Glassdoor,"No work pressure
Fly in first class
Travel the world",1
41,Glassdoor,Basic Salary House Allowances Food allowances Transport allowances Eid Bonus Profit shares Yearly salary review,1
41,Glassdoor,"travel world, experience different cultures.",1
41,Glassdoor,"Large profitable company, great concentration of skills and experience to learn from, good benefits.",1
41,Glassdoor,good benefits time flies by,1
41,Glassdoor,Good benefits Good Opportunites to growth on a long term,1
42,Glassdoor,It is very fun and informative,1
42,Glassdoor,Great company Great pay Great job.,1
42,Glassdoor,"Competitive Salary: Emirates offers a decent salary with additional allowances like flight and layover pay. The base salary for cabin crew may vary, but it’s generally seen as above average for international airlines. Travel Opportunities: The most obvious perk is the chance to travel around the world. Emirates flies to many countries, so cabin crew members get to visit new cities and cultures. Accommodation: Emirates provides accommodation or a generous accommodation allowance, which is particularly useful if you’re based in Dubai (the airline’s hub) and need a place to live. Tax-Free Salary: Salaries are tax-free in Dubai, which means you get to keep all your earnings, making it a very attractive financial benefit. Health & Medical Benefits: Emirates provides comprehensive health insurance for its cabin crew members, including dental and vision care. Free Flights: Employees get free flights for themselves, and usually for their immediate family as well, depending on the policies at the time. This benefit extends to both personal and work travel. Career Progression: Emirates is a global airline with a solid reputation, so working there can provide you with numerous opportunities for career development. Some cabin crew members get promoted to senior positions or even move into other roles within the company. Cultural Exposure: Working with colleagues from all over the world exposes you to a wide range of cultures and perspectives, which can be incredibly enriching personally and professionally.",1
42,Glassdoor,benefits of traveling is great.,1
42,Glassdoor,Travel Benefit for myself and family Competitive package Number of destinations,1
43,Glassdoor,"Nothing positive about this company except pay, and some incentives",1
43,Glassdoor,Very cheap travel Free accommodation and no bills,1
43,Glassdoor,Pros are little to none- Discounted flight tickets that are almost impossible to get,1
43,Glassdoor,"Travel, staying in some very nice hotels, yearly bonus (for the years I have been there), meeting some amazing people, living in Dubai, getting accommodation and travel to work for free (with opportunities to move out of accommodation and receive allowances in certain circumstances), tax free salary, good destinations.",1
43,Glassdoor,Good work environment and good growth workplace,1
44,Glassdoor,"Travel Benefits, discounts and flexibility",1
44,Glassdoor,"Great company, lots of support and amazing benefits",1
44,Glassdoor,living in Dubai and paid accommodation,1
44,Glassdoor,#NAME?,1
44,Glassdoor,"Flexible schedules, chance to swap shifts and roster, discounts on flight tickets",1
45,Glassdoor,"Travel, mentoring, training, and benefits",1
45,Glassdoor,Great culture and brand identity,1
45,Glassdoor,"Flying benefits, medical benefits, nice uniform",1
45,Glassdoor,Cheap travel for all employees,1
45,Glassdoor,"travel , other people , location",1
46,Glassdoor,Salary is good with other perks.,1
46,Glassdoor,Get to see the world,1
46,Glassdoor,Great place to work with,1
46,Glassdoor,Tax free pay. Rent paid for,1
46,Glassdoor,Good colleagues pleasant working environment,1
47,Glassdoor,Good to travel the world,1
47,Glassdoor,"Flexible
Traveling
Benefits
Salary
Global",1
47,Glassdoor,Benefits are great and travelling with the company is always appreciated,1
47,Glassdoor,good for la-la-land mindset people,1
47,Glassdoor,"Nice job, salary and perks",1
48,Glassdoor,Best Airlines in the current market,1
48,Glassdoor,"Good benefits, provided accommodation, transportation",1
48,Glassdoor,travel the world and work with fun people,1
48,Glassdoor,if you like to travel the world its the best job for you,1
48,Glassdoor,"Good pay
Good accommodation
Good experience",1
49,Glassdoor,"Benefits
Staff travel
Fair compensation",1
49,Glassdoor,"Flight benefits, lots of days off",1
49,Glassdoor,Great benefits and standard of living,1
49,Glassdoor,"Exciting travel opportunities, good pay",1
49,Glassdoor,"Salary destinations good hotels, accommodation",1
50,Glassdoor,"Travel, salary, allowances, accommodation provided/allowance, marriage benefits",1
50,Glassdoor,"seeing the world
5 star hotels",1
50,Glassdoor,You like working 12 hour a day starting 5am or 5pm? Admire seeing aircraft’s landing and takeoffs. Thrive findi by yourself in a multicultural crowd of passengers and fellow colleagues? Then that place is for you,1
50,Glassdoor,Travelling at night when you should be sleeping.,1
50,Glassdoor,The company will take care of you so long as you show up to every flight and do what is required of you.,-1
1,Glassdoor,Hight prices for it’s service,-1
1,Glassdoor,No remote working Lack of flexibility Annual Leave can only be taken once accrued No relocation package Difficult to move Lack of encouragement on career progression,-1
1,Glassdoor,Working hours managment lack of days off,-1
1,Glassdoor,"Long hours
Unstable routine / sleep",-1
1,Glassdoor,"very physically demanding job, jetlags",-1
2,Glassdoor,Long shifts and irregular schedule,-1
2,Glassdoor,- they don't commit to the employees they hire and you can get terminated even during probation with 7 days notice period (against 14 days by law) - I was told from day 1 after joining that I have no career growth opportunities by my line manager,-1
2,Glassdoor,"Management control your life, no regard for mental health",-1
2,Glassdoor,"Pressure at work, strict rules",-1
2,Glassdoor,no cons during my 11 years here,-1
3,Glassdoor,Schedule however you sign up for the same,-1
3,Glassdoor,Not flexible on home working,-1
3,Glassdoor,"- A highly demanding job, and as you progress across the cabin, the workload becomes much higher despite having fewer customers. - Workload for this job is one of the highest I've ever seen in any field. You're expected to give a 100% to 100s of customers for extended hours with minimum to no rest while dealing with passengers who have much higher standards than what is offered. - Management style is very strict; shortfalls or errors are met with disciplinary action without proper guidance. - Attendance is treated as a sacred metric; being sick 3 times within 6 months is met with warnings and attendance concerns, even if it's valid by the company clinic. - Medical insurance is through the company clinic, which delays the process of getting medical treatment through the network by having to wait to get an appointment through the company clinic, which could take days, if not weeks. - No proper vision set by management. Invests millions in enhancing product and service with a focus on hospitality however, all communication by management shows a strong gap in adapting a ""people first"" approach.",-1
3,Glassdoor,Shifts are a bit hard to handle,-1
3,Glassdoor,No rest provided you have fly for hours,-1
4,Glassdoor,"Physically demanding, schedules can be very busy",-1
4,Glassdoor,Management lacks professionalism most of the time,-1
4,Glassdoor,"challenging work timing, u work and you get the best",-1
4,Glassdoor,"Slow growth
Salary less comparison to work",-1
4,Glassdoor,typical corporation that does not listen to the needs of its employees,-1
5,Glassdoor,Supervisors can be very toxic and document every minor thing if you're nit perfect,-1
5,Glassdoor,High pressure and very demanding,-1
5,Glassdoor,no remote work everrr ever,-1
5,Glassdoor,- 8.5 hours in office - No growth - legacy tech,-1
5,Glassdoor,"no cons
its always good to work in worlds leading Airline",-1
6,Glassdoor,Sleep deprivation with long-term effects Stressful monthly performance reviews Transactional management Censorship in social media Strict dress code Vengeful supervisors Lack of clarity on future developments HR superficially supports employees Anchoring on 20th-century management habits,-1
6,Glassdoor,"Tough hiring process.
Office politics",-1
6,Glassdoor,"No growth
Politics
PSEs, ADL are not supportive",-1
6,Glassdoor,Most of the times you get back to back flights.,-1
6,Glassdoor,long hours lonely sometimes some managers unhelpful,-1
7,Glassdoor,Very competitive training to qualify as pilot,-1
7,Glassdoor,"Exhausting and inhumane working hours, minimum rest, way too much pressure and stress, overworked, radiation, health risk, toxic environment, oblivious cruel management, little freedom, far away from home, family and friends, etc…",-1
7,Glassdoor,Career growth is slow and less defined,-1
7,Glassdoor,Flights often full for staff travel,-1
7,Glassdoor,not any work life balance,-1
8,Glassdoor,"Long hours, toxic environment, unhappy place",-1
8,Glassdoor,"stressful
leave whenever you can get not when you need",-1
8,Glassdoor,"Toxic environment and micromanagement, to achieve something you need to stay long time in the company",-1
8,Glassdoor,Some teams have projects with old tech stacks,-1
8,Glassdoor,"Long hours, lots of flying and hard work",-1
9,Glassdoor,Not that much but tight deadlines,-1
9,Glassdoor,Very uncertainty anytime they will fire,-1
9,Glassdoor,"long working hours, long time away from home (family), physically demanding, shift work, your body takes a toll, this job requires a very social person, while the long times away from home will affect your personal social life drastically. It's definitely not for everyone !",-1
9,Glassdoor,Long hours. Mutual respect isn’t a thing within the hierarchy,-1
9,Glassdoor,"Not too specefic, individual perspective varies",-1
10,Glassdoor,"Long hours, away from family",-1
10,Glassdoor,No opportunities for qualified pp Report culture Fear culture Irracional rules not updated,-1
10,Glassdoor,#NAME?,-1
10,Glassdoor,"As they give you a lot, they expect a lot in return which might be overwhelming but understandable.",-1
10,Glassdoor,"Unfair distribution of flying hours, leave out allowances only for married employees or immediate family members, and unjust distribution of living accommodations. Poor medical coverage - due to incompetent medical professionals hired by the Emirates Group.",-1
11,Glassdoor,Many hours but this is the job,-1
11,Glassdoor,No salary increase and long hours,-1
11,Glassdoor,Exhausting and very stressful environment,-1
11,Glassdoor,Chaotic schedule and tiring lifestyle,-1
11,Glassdoor,“Focus more on employee development”,-1
12,Glassdoor,Keep up the good work.,-1
12,Glassdoor,God forbid you meet a bad manager The workplace is exciting based on the manager you get. I have had both and I feel I had the best time with a manager who was inclusive and worked equally hard as all of us. Then I had a manager who was busy playing politics and sabotaging.,-1
12,Glassdoor,None that I can think of,-1
12,Glassdoor,The timings are hectic now,-1
12,Glassdoor,Workload with no or limited assistance.,-1
13,Glassdoor,"Very tiring, often treated poorly by passengers and seniors, lonely, very difficult to get time off if something happens, can fire you over weight and skin issues",-1
13,Glassdoor,Some toxic people working there. At times there is no manpower. Can be stressful.,-1
13,Glassdoor,"The work environment, office politics",-1
13,Glassdoor,"Fast paced environment
Limited Growth",-1
13,Glassdoor,Long flight - a lot of rules,-1
14,Glassdoor,The hours can affect your sleep as you travel at all different times,-1
14,Glassdoor,A lot of favoritism and racism (from contractors) in the MIA station.,-1
14,Glassdoor,Sometimes you don't know when you are traveling.,-1
14,Glassdoor,"Cabin crew often have too many flying hours in their rosters, which can lead to fatigue.",-1
14,Glassdoor,Tough work times [especially if you have family] Salary Most people don't take you seriously,-1
15,Glassdoor,"No rutine, different enviroment each week",-1
15,Glassdoor,"Different shifts, no routine, jet lag",-1
15,Glassdoor,Long working hours when flying.,-1
15,Glassdoor,I could learn more about Aircraft maintenance and automatic docking,-1
15,Glassdoor,Away from home and family,-1
16,Glassdoor,Strict rules and constant evaluations,-1
16,Glassdoor,management and rude crew members,-1
16,Glassdoor,"Nothing to complaint, good environment",-1
16,Glassdoor,No growth. Was forced to start as a consultant (no benefits) and had to fight till after four years was absorbed into the company. Was promised promotions based on performance but manager changed 4 times. At the end of a decade was made redundant illogically. Compensation was quite poor.,-1
16,Glassdoor,#NAME?,-1
17,Glassdoor,"The infrastructure is extremely outdated and difficult to modernize. Technical decisions are constrained by legacy systems, and even basic improvements become unnecessarily complex. Remote work is completely forbidden, with absolutely no flexibility offered to employees. HR controls nearly every aspect of the organization, and managers have no real authority to support their teams or make decisions. Employees are required to check in and out even for basic needs like bathroom breaks, which reflects a deep lack of trust and creates a culture of surveillance rather than support. The workload is overwhelming, and employees are stuck in meetings all day with little time to actually get work done. The company is full of internal politics, and people often throw others under the bus to protect their own positions. The environment is highly political and self-preserving, where collaboration is often undermined by fear and blame-shifting. The workforce is saturated with Indian employees, and teaming tends to happen within those circles, making cross-team collaboration difficult and exclusionary. Newcomers and international staff often feel isolated and excluded, with little effort made to integrate diverse perspectives. If you're from overseas, expect no privacy—your personal details may be accessed and discussed without your consent. The culture looks polished from the outside but is toxic and exclusionary inside. There’s no psychological safety, and you're constantly monitored and micromanaged. Bureaucracy is everywhere, and even small decisions require multiple layers of approval. The environment is high-pressure, low-trust, and mentally draining, with little regard for employee well-being or long-term sustainability. At the cultural level, internal politics dominate, and exclusionary behavior is normalized. At the structural level, diversity is lacking, and integration is minimal. The result is a workplace that feels more like a control system than a collaborative environment. Corruption is everywhere. People form groups to get benefits and protect their positions. It’s not about doing good work—it’s about who you know and how well you play the system.",-1
17,Glassdoor,HR support - hard to get a point of contact when in urgency,-1
17,Glassdoor,"Exhausting job, terrible shifts, bad pay",-1
17,Glassdoor,"No cons in mind , Just great",-1
17,Glassdoor,flexi hours not there which is an issue,-1
18,Glassdoor,I Think you have to take responsibility and sometimes you have to work under pressure. Anyways you will get used to it m,-1
18,Glassdoor,Management style is mostly micro management,-1
18,Glassdoor,Moving to unpreferred working location.,-1
18,Glassdoor,Overworked undervalued bad progression and staff turnover,-1
18,Glassdoor,A little bit rigid when it comes to collaboration,-1
19,Glassdoor,24/7 operations. Demanding clients. Shift work. Rotating roster.,-1
19,Glassdoor,"Irregular shifts, Slow growth within the company",-1
19,Glassdoor,"Amazing, recommended, no cons, the best",-1
19,Glassdoor,stay for long time to work,-1
19,Glassdoor,Salary is not very good,-1
20,Glassdoor,horrible environment fear culture mean and cruel management no appreciation bullying culture,-1
20,Glassdoor,Jetlag is hard to deal with,-1
20,Glassdoor,Fatigue Lonely at times Living in the heat of Dubai,-1
20,Glassdoor,"Very physically demanding job, mentally draining from the quality of people you have to deal with on every day basis.",-1
20,Glassdoor,Some company accommodation is in horrendous location/conditions - very unfair and hard to swap Fear and reporting culture is rife Poor leadership amongst seniors Short layovers for ULR flights and short breaks - fatigue,-1
21,Glassdoor,Shift work may not be for everyone.,-1
21,Glassdoor,You will need to meet a lot of different standards,-1
21,Glassdoor,"They don’t value their staff. They’re threatening you “politely” for calling sick. Insurance is the worst, you can’t go to any doctor without prior approval (that takes full day to come to the office to their doctor to give you a referral). Sometimes they just say there’s no need to see the specialist (but it’s your right and you always have to make up things to get a referral)",-1
21,Glassdoor,"Live overseas. Also just a number to the company, company makes you feel easily replaceable. If anything happens, complaints are not heard. Often unecessarily punished for small things.",-1
21,Glassdoor,Not any at the moment.,-1
22,Glassdoor,No work-life balance. Toxic work environment.,-1
22,Glassdoor,work from office everyday no flexibility,-1
22,Glassdoor,Toxic company culture Constantly harassed for being sick Micromanaged on board Reporting/backstabbing culture,-1
22,Glassdoor,Work-life imbalance for some employees,-1
22,Glassdoor,"Bad management , toxic environment and pressure. Not worth it ..",-1
23,Glassdoor,Toxic leadership with seniors and HQ managers,-1
23,Glassdoor,"No work life balance, you constantly work only. You get fatigue and burn out during the first month of flying. Due to tiredness you won't be able to ""travel the world"".",-1
23,Glassdoor,"Literally everything else. They see cabin crew as numbers not people, treat us as children and do not care about your life at all. It’s extremely hard to get emergency leave when someone in your family dies, you get called in for meetings with your manager constantly, over the most ridiculous things and always on your days off, if you call sick you’re seen as weak, you get warnings for gaining weight, not applying enough make up, applying too much make up, if your uniform is not ironed the way they want it to be, if someone steals your bag or your bag gets ruined/broken, if you don’t literally glue your baby hair to your forehead, if you are a man and your beard grows during a 15-17h flight they want you to shave it on board, they keep track of your travels on personal time off, if a flight gets cancelled on your way back from vacation it’s your fault (lol) and you get what’s called an “absent” which is followed by a final warning and a 500dhs deduction from your salary. The accommodation is paid for sure but they choose it for you, you have no say in it whatsoever until much later and even when you get the chance to move they make it so hard it’s basically impossible. Some supervisors think they are kings and queens of the world and check on every single thing you do hoping you make a mistake so that they can report you to management. The more reports you submit the better (at least that’s what they think). If you have a serious disease like cancer for example, they ask you to resign and if you don’t they fire you. If you get pregnant in the first 3 years of being employed there, they fire you. If a customer writes a complain about you they won’t even listen to your side of the story, they will directly issue a warning. 3 warnings and you’re fired. I had a customer calling me a “slave” once and my supervisor, when I told him what happened, told me he was sure I must have done something to upset the passenger and that it had to be my fault yes or yes. It’s literally insane, I’ve lost weight, sleep and my mental health. I was literally depressed and had to go seek medical help outside the company because even tho they do offer psychology and therapy sessions, those therapists report everything to management and if management knows you used the word “depression” they fire you. They have their own clinic for Emirates employees but the actual doctors in there are probably 1/2. The rest of them are poorly trained personnel that will always tell you that the right medicine for whatever issue you have is panadol (from UTIs to migrane to a broken finger or a burn on your leg). Getting a referral to see an outside doctor is as hard as it was for Voldemort to kill Harry Potter (and we all know how that went). Right before peak season periods (July-August and Christmas time) they literally send out emails asking to not call sick to avoid operation disruption. On top of all of this chaos the job is terrible, sometimes you work on a 14/15h flight (which means a 17/18h duty) and only get 24h rest before doing it again. Your make up and the way you look needs to be neat and impeccable at all times, how can it be if you made me work 18h and sleep only 2??? They say “you’ll stay at the best hotels in the world” and that’s pretty far from the truth. You’re going to end up staying at some hotels were everything is dirty, the personnel is rude and they even try to steal your stuff. I honestly do not know how I lasted multiple years in this environment, it took a tool on my mental health that is very hard to describe with words.",-1
23,Glassdoor,Physically exhausting/ almost always new co workers/ circadian rhythms get messed up,-1
23,Glassdoor,you are one of thoussands emplyees so personal connection with your team is not that strong,-1
24,Glassdoor,"You will work!! We make it look glamorous but it’s actually a dirty job. Lots of pressure from managers and supervisors to perform, which can add more stress on the job. You are expected to be perfect. Some people have problems with their living accommodations. But all the cons are worth it, from my experience. You just have to go into the job with the right mindset and understand the expectations. Do your research before applying to see if it will be a good fit for you. I loved this job :)",-1
24,Glassdoor,"crazy busy rosters, toxic leaders on board and management.",-1
24,Glassdoor,Far away from home but ok for some years,-1
24,Glassdoor,Face to heavy work load,-1
24,Glassdoor,"Work politics, Work hours, Stress",-1
25,Glassdoor,Strict policies and punishment management.,-1
25,Glassdoor,No cons they r good,-1
25,Glassdoor,"Toxic work environment, some people work real hard while others do absolutely nothing, both get paid the same if not less, growth is not determined by skills but rather connections and/or time spent at the company",-1
25,Glassdoor,Not a lot of support for mental health,-1
25,Glassdoor,Tech stack not that good,-1
26,Glassdoor,They as such do not have any cons,-1
26,Glassdoor,Company sees employee as just a number.,-1
26,Glassdoor,The company is too successful in uae,-1
26,Glassdoor,Toxic company and seniors. Very physically demanding,-1
26,Glassdoor,It's a very big company and tends to be difficult to go up the ladder. No labor unions allowed.,-1
27,Glassdoor,Not prioritising mental and physical health of staff.,-1
27,Glassdoor,So tiring and people are so rude sometimes its harmful to health also,-1
27,Glassdoor,Busy roasters and sometime rest is minimum,-1
27,Glassdoor,"The amount of work that you get is not big, so this might effect your job future if you are planning to stay competitive in the market. It's very very hard to get promoted, and that needs lot of efforts outside your area of expertise, like begging to manager to promote you.",-1
27,Glassdoor,"tiring, long haul flights , you need to manage fatigue",-1
28,Glassdoor,Difficult training. Package not great for pilots at first but gets really good later,-1
28,Glassdoor,Sbsbsbsbs shehdh jsjsbe jsjsjshd jxidnkdod jdbwkakdudb,-1
28,Glassdoor,"Schedule is quite hectic, you can have a US layover followed by a turn around, followed by another US layover. By the time you’re a back you barely remember your own name",-1
28,Glassdoor,Long hours sometimes you don't get the flights you want,-1
28,Glassdoor,None i can think of,-1
29,Glassdoor,Nationality-based payscale; Corporate politics (as probably with any other large company),-1
29,Glassdoor,Psychological pressure and fatigue from operation. lack of transparency. No retirement stamp. No basic legal protection during probation.,-1
29,Glassdoor,You have to be based in Dubai. Toxic management.,-1
29,Glassdoor,There are none at all,-1
29,Glassdoor,"Working hours, company culture, long hours",-1
30,Glassdoor,"A large company that is very procedural, managers are not allowed to apply discretion, high productivity is demanded.",-1
30,Glassdoor,"Family time away
Working on weekends
Night shifts",-1
30,Glassdoor,"Company-provided accommodation is often far from the city, and there is no option to move out unless you purchase a property in Dubai. Layover hotels are also frequently located far from city centers, making it hard to explore destinations — especially if you're seeking cultural experiences. Rosters are extremely demanding, with many consecutive night flights and very limited rest, particularly after ultra-long-haul flights. Layovers are often too short to recover physically or mentally. Crew members frequently fall ill or experience burnout. Career growth is also extremely limited: if you're cabin crew, your only possible advancement is within the same line of work (up to cabin supervisor or purser). Once you reach a certain age, the company often chooses not to renew your contract — regardless of performance. There are virtually no opportunities for internal transfer or career progression to other departments, even for highly experienced and multilingual employees. The relationship with management is poor, and the company culture is driven by fear and control rather than trust and support. Bottom line: Working for Emirates is a life-changing experience with amazing perks, but it comes at a high personal cost. It’s great if you’re young, energetic, and focused on short-term financial and travel goals. But for long-term career development and well-being, the company offers little support or flexibility.",-1
30,Glassdoor,No career progression to become LAE,-1
30,Glassdoor,Exhausting due to shift work,-1
31,Glassdoor,"The layovers are very short in my opinion. I felt exploited. When they hired us in London they promise a nice life in Dubai and good work- life balance, very far from the truth. They are very outdated and treat you as a number not as a human. Really bad experience.",-1
31,Glassdoor,It’s a challenging job because of the shift work around the world and also the quiet long shifts for some flights. Also it’s hard to live away from your family and friends.,-1
31,Glassdoor,All good and no further comments,-1
31,Glassdoor,Strong fear culture Seniors reporting Exhausting No paid maternity leave,-1
31,Glassdoor,"Tired, long hours, getting sick often can cause extra pressure on you due to company kpi s and managers.",-1
32,Glassdoor,A difficult place to work.,-1
32,Glassdoor,Timings Tiring Long years for promotions Strict uniform Easy warnings,-1
32,Glassdoor,As you are based in Dubai you will miss your family and friends.,-1
32,Glassdoor,#NAME?,-1
32,Glassdoor,Sometimes roasters are packed with back to back turnaround flights,-1
33,Glassdoor,"The room for growth is, to an extend very small. you may be on the same grade and level for several years.",-1
33,Glassdoor,I wrote cons in pros,-1
33,Glassdoor,"Grade 7 and lower employees have a lot of deductions, such as family visa and health insurance is deducted from salary, parking is not available so either pay public parking which is full or travel by metro. No education allowance for kids, working hours are 8.5. Favouritism exists and getting a promotion is way too difficult.",-1
33,Glassdoor,work life balance was not great,-1
33,Glassdoor,Upward movements are little difficult,-1
34,Glassdoor,good good good good good,-1
34,Glassdoor,"The hours are difficult, strict management style, difficult sickness policy, very tiring",-1
34,Glassdoor,"- Disregard for personal well being - Toxic Managment: higher and middle management don't really care about people, ironically, within a service industry that focus on caring about ""customers"" (passengers) - Disregard of holidays",-1
34,Glassdoor,Same as the above statement,-1
34,Glassdoor,Strict on benefits such as working from home if you are more focused on your work life balance.,-1
35,Glassdoor,But some managers are rude and micromanage. Promotion will take ages.,-1
35,Glassdoor,"Opportunity to travel the world and explore different cultures and destinations. Attractive benefits, including housing allowance, transportation allowance, membership，heavily discounted flight tickets, and hotel deals. Dynamic work environment with diverse experiences and people from all walks of life.",-1
35,Glassdoor,You have to work without stopping,-1
35,Glassdoor,No clear routes for progression.,-1
35,Glassdoor,"very toxic work environment, you can't build a career there",-1
36,Glassdoor,Exhausting I got sick a lot,-1
36,Glassdoor,Not a great paymaster compared with other industries.,-1
36,Glassdoor,I'm sales working in Dubai and ajman,-1
36,Glassdoor,No negative here. No bad.,-1
36,Glassdoor,Toxic work environment. Work overload. Unfair distribution of accommodations. Salary not adjusted for inflation,-1
37,Glassdoor,I dont really know hmm,-1
37,Glassdoor,"Very toxic company, fear takes over the crew. No Human Resources at all to be sensible for your personal problems. You are just a number there.",-1
37,Glassdoor,Results oriented only. No personal relationship with employees,-1
37,Glassdoor,Physically and mentally demanding strict rules and high standards Limited personal time Career growth within the airline can be slow,-1
37,Glassdoor,The Salary not much high,-1
38,Glassdoor,Accommodation is something that they could definitely improve,-1
38,Glassdoor,horrible culture and no human rights,-1
38,Glassdoor,Nothing much to complain about,-1
38,Glassdoor,"Like every company , politics",-1
38,Glassdoor,"Poor staff treatment, exhausting rosters",-1
39,Glassdoor,Challenging Work schedule Upgrade is hard,-1
39,Glassdoor,"sleep deprivation, hectic flying, long term tiredness, not flexible management",-1
39,Glassdoor,There are none that I can think of,-1
39,Glassdoor,Heavy on the mind and body. You need to be healthy for this job,-1
39,Glassdoor,"No remote work. Office is far, next to the airport",-1
40,Glassdoor,no remote or hybrid work,-1
40,Glassdoor,"Jet lag, work on holidays",-1
40,Glassdoor,"- Stressful work environment that encourages reporting colleagues one another - Passenger complaint is taken seriously regardless of the Crew involvement - Long flying hours and an exhausting on board service offering - No voice for the Crew and management is terrible ( not supporting Crew ) - Management pushes you to get back to fly if you are on a sick leave and do not care about your health status ( harassment through company mails and calls on your personal mobile number ) - Many nationalities and many cultures so you always have to wear the stigma hat of where you come from ,as it follows you throughout your time in emirates . - Fast career progression for native English speakers which is unfair : South africa ( the whites are leading trainings and implementing company protocols) , British, Australians , US citizens - Company is pushing colleagues to report each other regardless - Minimum days off between long duties ( between the rest in Dubai ) - Company provides accommodation but it looks rather like a Jail with the security observing and monitoring the Crew on their least moves ( cameras everywhere , visitors are restricted to come visit if they are not emirates Crew, Security informs the company of everything that may happen , they are crazy about fumes and smoke and all the apartments are non smoking so they can flip on the least alarm activation for smoke for example then you have to justify yourself ) - No social security plans , no voice and no retirement plan - If you reach 50 , they don't renew your visa so they force you to stop flying . - Hundreds of stories of Crew getting fired for silly reasons - No second chance no compassion for Crew whatsoever - A lot of backstabbing - Stress , Stress , Stress to always get reported by a purser , a colleague or someone in the office - Nobody gets appreciated enough as it's many people and a lot want to shine at the same time so company looses track of who is good and who is bad and who is who",-1
40,Glassdoor,"Away from family
Hard to build family",-1
40,Glassdoor,Salary is not so good,-1
41,Glassdoor,No new year celebration bonus Highly competitive environment,-1
41,Glassdoor,inexperienced management team and backstab culture,-1
41,Glassdoor,"Large company, no work from home at all.",-1
41,Glassdoor,work hours supervisors ego fast pace and ruthless customers,-1
41,Glassdoor,Close mindset Poor work environment in the Uniform stores,-1
42,Glassdoor,The uniform is slightly uncomfortable,-1
42,Glassdoor,Pathetic and laughable attitude of manager and others. Got a little gestapo running the department on the airport where everyone is looking to rat on you and others just because the manager and his cronies love gossips and to interfere in your private lives. Inefficient and ignorant staff just behave arrogant with you because they are in the job for many years and think they are better. But they know nothing of the job. Most of the supervisors have no guts to come and take a decision so they talk rudely if you call them on the gates. Why? The manager supports this if they suck up to him.,-1
42,Glassdoor,"Irregular Hours: Emirates cabin crew often works irregular hours, including nights, weekends, and holidays. This can take a toll on your personal life and sleep schedule. Long Haul Flights: While the travel opportunities are great, long-haul flights can be physically and mentally exhausting. The time zone changes, jet lag, and the demands of managing passengers for long hours can be challenging. Time Away from Family: If you’re based in Dubai and your family is elsewhere, being away from home for extended periods can be tough. The nature of the job means you may spend a lot of time away from loved ones. Physically Demanding: The job can be physically taxing, especially with the constant movement, lifting heavy items, and being on your feet for long hours. The demands of the job can affect your body over time. Customer Service Stress: You’ll often deal with difficult or upset passengers, which can be stressful. Handling challenging situations requires patience, diplomacy, and strong interpersonal skills. Strict Appearance Standards: Emirates has a strict grooming and appearance policy, which means you need to maintain a certain look. This includes things like hair, makeup, and uniform standards, which may be a con for some people who prefer more freedom in their personal style. Limited Career Mobility",-1
42,Glassdoor,lifestyle is hard to manage.,-1
42,Glassdoor,Poor company culture towards cabin crew Gets questioned for every single mistake Poor management Unhuman,-1
43,Glassdoor,"This company that has no values, the whole technical team is politicized with Europeans trying to treat Asian as slaves, and forcing them to do all their assigned workload. If you are relocating, you must think twice before joining this company.",-1
43,Glassdoor,Toxic management Training is like being in the army Short layovers - constantly restless,-1
43,Glassdoor,Poor treatment Discrimination Arrogance in management,-1
43,Glassdoor,"Most layovers are 24 hours which sometimes isn’t enough to rest (especially for Long flights 14 hours +, hours can be very long, most flights depart in the middle of the night so extremely sleep deprived from that. It can be hard to keep a certain routine like gym etc because your tired all the time but I think the pros out-way the cons.",-1
43,Glassdoor,"No cons so far, it is a very good workplace",-1
44,Glassdoor,There isnt that much that I can think of,-1
44,Glassdoor,Long working hours and takes a while to get benefits,-1
44,Glassdoor,"long hours, strict management, low pay",-1
44,Glassdoor,#NAME?,-1
44,Glassdoor,You interact with many people,-1
45,Glassdoor,Just living away from home,-1
45,Glassdoor,No promotion opportunities that are clear or available,-1
45,Glassdoor,Not enough pay for this kind of shift work,-1
45,Glassdoor,"Loads, micro managing at a senior level.",-1
45,Glassdoor,"low salary , never increases",-1
46,Glassdoor,Stressful and shifts get to you.,-1
46,Glassdoor,Tough and long working hours,-1
46,Glassdoor,its difficult to go up ladder,-1
46,Glassdoor,Poor treatment from company. No care for staff. Worked to the bone,-1
46,Glassdoor,Unequal salary between pilots with similar experience (hours) fairness principle totally disregarded,-1
47,Glassdoor,You work a lot and overworking,-1
47,Glassdoor,"Long hours
Night shifts
Retirement age",-1
47,Glassdoor,"Shifts, overtime, work life balance.",-1
47,Glassdoor,do not recommend if you care about your mental health,-1
47,Glassdoor,Hours are giving a month in advance so can’t plan.,-1
48,Glassdoor,Highly competitive and large number of employees,-1
48,Glassdoor,"Horrible management, reporting culture, mentality unstable employees",-1
48,Glassdoor,tiring. long hours. packed schedules. difficult to get leave when you want,-1
48,Glassdoor,good package for living in dubai,-1
48,Glassdoor,Not so flexible with uniform / appearance,-1
49,Glassdoor,"Inmature work environment
Careless management",-1
49,Glassdoor,"Modern slavery, management has no respect for you",-1
49,Glassdoor,I haven't really faced any cons working for the company.,-1
49,Glassdoor,Flying over different time zones,-1
49,Glassdoor,You wont have a private life.,-1
50,Glassdoor,"Very regulated for safety and PR reasons, do not apply if you are not good at following rules.",-1
50,Glassdoor,"sleepless nights
jet lag
no routine",-1
50,Glassdoor,Difficult to swap shifts or arrange leave. Lack of communication with direct manager.,-1
50,Glassdoor,"Toxic culture, crew reporting one another to get promoted",-1
50,Glassdoor,Don’t expect them to back you up when life throws curve balls at you. Could be mental or physical health.,-1
,,,
,,,
,,,
,,,+
